{"name":"The Factory","short_name":"Factory","description":"Manage, Update, and Edit Orders, Build Print Slips and more.","start_url":"/","display":"standalone","background_color":"#ffffff","theme_color":"#fff","orientation":"portrait-primary","icons":[{"src":"icons/icon-72x72.png","type":"image/png","sizes":"72x72"},{"src":"icons/icon-96x96.png","type":"image/png","sizes":"96x96"},{"src":"icons/icon-128x128.png","type":"image/png","sizes":"128x128"},{"src":"icons/icon-152x152.png","type":"image/png","sizes":"152x152"},{"src":"icons/icon-192x192.png","type":"image/png","sizes":"192x192"},{"src":"icons/icon-384x384.png","type":"image/png","sizes":"384x384"},{"src":"icons/icon-512x512.png","type":"image/png","sizes":"512x512"}],"screenshots":[{"src":"images/img1-370x727.png","type":"image/png","sizes":"370x727"},{"src":"images/img3-360x740.png","type":"image/png","sizes":"360x740"},{"src":"images/img2-361x737.png","type":"image/png","sizes":"361x737"}]}